{"value": [{"|0000001>": 1.0}], "config": {"width": 7, "depth": 18}, "loading-time": 0.0018887519836425781, "execution-time": 0.27466440200805664}