{"value": [{"|0000001>": 1.0}], "config": {"width": 7, "depth": 18}, "loading-time": 0.006510019302368164, "execution-time": 0.1598520278930664}