{"value": [{"|000>": 1.0}], "config": {"width": 3, "depth": 11}, "loading-time": 0.003114461898803711, "execution-time": 0.029749393463134766}