{"value": [{"|00000>": 1.0}], "config": {"width": 5, "depth": 9}, "loading-time": 0.002487659454345703, "execution-time": 0.037370920181274414}