{"value": [{"|0001>": 1.0}], "config": {"width": 4, "depth": 12}, "loading-time": 0.0010807514190673828, "execution-time": 0.02629852294921875}