{"value": [{"|0001>": 1.0}], "config": {"width": 4, "depth": 12}, "loading-time": 0.009646415710449219, "execution-time": 0.03463387489318848}