{"value": [{"|11020>": 1.0}], "config": {"width": 5, "depth": 16}, "loading-time": 0.012704133987426758, "execution-time": 0.11987018585205078}