{"value": [{"|001>": 1.0}], "config": {"width": 3, "depth": 10}, "loading-time": 0.009934186935424805, "execution-time": 0.023021697998046875}