{"value": [{"|00000>": 1.0}], "config": {"width": 5, "depth": 14}, "loading-time": 0.002862215042114258, "execution-time": 0.0577852725982666}