{"value": [{"|1201>": 1.0}], "config": {"width": 4, "depth": 22}, "loading-time": 0.0018248558044433594, "execution-time": 0.05797576904296875}