{"value": [{"|1201>": 1.0}], "config": {"width": 4, "depth": 22}, "loading-time": 0.0027666091918945312, "execution-time": 0.0845177173614502}