{"value": [{"|111100>": 1.0}], "config": {"width": 6, "depth": 49}, "loading-time": 0.006468057632446289, "execution-time": 0.22532343864440918}