{"value": [{"|00010>": 1.0}], "config": {"width": 5, "depth": 9}, "loading-time": 0.0037889480590820312, "execution-time": 0.03610396385192871}