{"value": [{"|11101>": 1.0}], "config": {"width": 5, "depth": 17}, "loading-time": 0.0030019283294677734, "execution-time": 0.0729987621307373}