{"value": [{"|11101>": 1.0}], "config": {"width": 5, "depth": 17}, "loading-time": 0.0016379356384277344, "execution-time": 0.07956624031066895}