{"value": [{"|00010>": 1.0}], "config": {"width": 5, "depth": 48}, "loading-time": 0.011426925659179688, "execution-time": 0.21555209159851074}