{"value": [{"|00010>": 1.0}], "config": {"width": 5, "depth": 48}, "loading-time": 0.003468036651611328, "execution-time": 0.3303406238555908}