{"value": [{"|100>": 1.0}], "config": {"width": 3, "depth": 6}, "loading-time": 0.0008747577667236328, "execution-time": 0.003970146179199219}