{"value": [{"|100>": 1.0}], "config": {"width": 3, "depth": 6}, "loading-time": 0.0024900436401367188, "execution-time": 0.01332855224609375}