{"value": [{"|0000001>": 1.0}], "config": {"width": 7, "depth": 22}, "loading-time": 0.011503219604492188, "execution-time": 0.22536683082580566}