{"value": [{"|0000001>": 1.0}], "config": {"width": 7, "depth": 22}, "loading-time": 0.002223491668701172, "execution-time": 0.4799671173095703}