{"value": [{"|00000>": 1.0}], "config": {"width": 5, "depth": 26}, "loading-time": 0.011003732681274414, "execution-time": 0.09858322143554688}