{"value": [{"|00000>": 1.0}], "config": {"width": 5, "depth": 26}, "loading-time": 0.002063751220703125, "execution-time": 0.28795599937438965}