{"value": [{"|001>": 1.0}], "config": {"width": 3, "depth": 10}, "loading-time": 0.009029388427734375, "execution-time": 0.027302980422973633}