{"value": [{"|000>": 1.0}], "config": {"width": 3, "depth": 7}, "loading-time": 0.0026154518127441406, "execution-time": 0.012992143630981445}