{"value": [{"|00010>": 1.0}], "config": {"width": 5, "depth": 33}, "loading-time": 0.0023229122161865234, "execution-time": 0.2584829330444336}