{"value": [{"|00010>": 1.0}], "config": {"width": 5, "depth": 33}, "loading-time": 0.00430607795715332, "execution-time": 0.1826021671295166}