{"value": [{"|000111>": 1.0}], "config": {"width": 6, "depth": 17}, "loading-time": 0.008314371109008789, "execution-time": 0.13517093658447266}