{"value": [{"|000>": 1.0}], "config": {"width": 3, "depth": 3}, "loading-time": 0.008973360061645508, "execution-time": 0.005724191665649414}