{"value": [{"|000>": 1.0}], "config": {"width": 3, "depth": 3}, "loading-time": 0.0005333423614501953, "execution-time": 0.002316713333129883}