{"value": [{"|00100>": 1.0}], "config": {"width": 5, "depth": 19}, "loading-time": 0.0014235973358154297, "execution-time": 0.2130887508392334}