{"value": [{"|00100>": 1.0}], "config": {"width": 5, "depth": 19}, "loading-time": 0.0029027462005615234, "execution-time": 0.14100098609924316}