{"value": [{"|000000>": 1.0}], "config": {"width": 6, "depth": 15}, "loading-time": 0.004388093948364258, "execution-time": 0.12824034690856934}