{"value": [{"|000000>": 1.0}], "config": {"width": 6, "depth": 15}, "loading-time": 0.002923727035522461, "execution-time": 0.266082763671875}